0.00940286194325111-0.0199966857136049i,-0.0219049415614427-0.00290771171925798i,0.0178367146665649+0.0130434988464014i,-0.0100563966157192+0.0196761312091549i,-0.0198665371663406+0.00967481024469921i,-0.00606848593256805+0.021247464101364i,0.0201624741329512-0.00904189632160221i,-0.0218331698443617+0.00340498851683581i,0.0208429949884575-0.00733831126102359i,0.00591097374366875+0.0212918210037138i,-0.0215272162970456+0.00498600147941647i,0.0213569564170529-0.00567112553666666i,-0.0120167552099461+0.0185439706232716i,-0.00798484985477162+0.0206039662455868i,0.0180531569277822-0.012742243805288i,-0.0216074878641721+0.0046257670123108i,-0.00646719095068315-0.0211295218464576i,3.01594251200941e-05-0.0220970663813459i,-0.009101200247983+0.0201357742910136i,-0.0216656381953755+0.00434527028383902i,0.00933607152636016-0.020027955979261i,-0.00668860811481722+0.0210604789532178i,0.0220813587367611-0.000833575785992377i,0.0218645449932953+0.00319733083816732i,-0.00134992318522508+0.0220558146448169i,-0.0181891916236542-0.0125472929483023i,0.0188488720438107+0.0115326178697025i,0.0213741553501459-0.00560595534412824i,0.0151250602102957-0.016109432202516i,0.0111290394625812-0.0190899380012833i,-0.000482004084740464+0.0220918293564572i,-0.00988937581696661-0.0197606047023699i,-0.00720538689061797+0.0208893190891671i,-0.007287862429189-0.0208606882308745i,0.0150928763203268-0.0161395891097589i,-0.018072144778099-0.0127152992639559i,0.0220355363989747-0.00164814679625019i,0.0188954216809387-0.0114561901063155i,0.00174795146862921+0.0220278441504348i,-0.0166529161931761+0.0145245183918635i,-0.0207324038780381-0.00764517375148788i,0.00701347323372647-0.020954532813984i,-0.00699127005441814+0.0209619511324381i,-0.019340936116915-0.0106868817890881i,-0.0138898629420307+0.017185836019936i,-0.0219167064553322-0.00281766399759264i,-0.00805957829673971+0.0205748499370287i,-0.0211818888793708-0.00629355509664573i,0.00149838128049523-0.0220462265658046i,-0.0191343547461319-0.0110524983918437i,-0.000478473251286489+0.0220919061106173i,-0.0209319063504674+0.00708071668602767i,0.0185064172409984-0.0120745092303831i,-0.00554388430580002+0.0213903389186902i,0.0220876262689653+0.000646543157913188i,-0.0215357200754332-0.00494914266162448i,0.0215675355067442+0.00480860316701814i,-0.0210283626822339-0.00678890382587372i,0.00508163417877556-0.0215048423924852i,-0.0111552630158646+0.0190746260592288i,-0.0220620295966168+0.00124422760399166i,-0.00728940897175362+0.0208601478684847i,-0.0210087655531802-0.00684930815367789i,0.000637596510672896+0.0220878863393967i
0.0186126090117932-0.0119101653232288i,0.00279017620185617+0.0219202228322416i,0.0220904975954497+0.000539600072238431i,0.00952174381489125+0.0199403522279851i,0.00466189570611952+0.021599721773157i,0.0210205386416743+0.00681309088933984i,0.0208379679915402+0.00735257385111326i,0.00229869853116243+0.0219771981224941i,0.0220062869225183+0.00200114670534868i,0.0208490338673225+0.00732113645903203i,-0.0217588472735296-0.00385146953509214i,0.00454921754604591-0.0216237339969598i,0.00133271642844729+0.0220568610453499i,-0.0201634200484736-0.00903978673428424i,-0.0191794759173388-0.0109740127477943i,0.0110596367773326-0.0191302296537705i,0.0219191172090881+0.0027988485180134i,-0.0140722160038174-0.0170368421074574i,0.017377403903108+0.0136494353671049i,-0.0172284762705963+0.0138369381600854i,0.00206242059835383+0.0220006289348285i,0.00514512676166424-0.0214897399439578i,0.0165683385902793+0.0146209236579086i,-0.0104266823122714+0.0194824420494838i,0.0140002400448219+0.0170960384574875i,-0.0210158565995021+0.00682751958193414i,-0.0165196674089279+0.0146758931909078i,0.0216555807479466+0.00439511942064051i,0.0216269988926734-0.00453367082493139i,0.0010843089934426-0.0220704672868353i,-0.0139028370443304+0.0171753420452497i,0.017819399762626-0.0130671436952477i,0.00891227552972374+0.0202201037864502i,0.00598257213297767-0.0212718142838416i,0.0213264415767464+0.0057848199562432i,0.00239060904920751+0.0219673903918143i,0.0209624544720326-0.00698976070838533i,-0.0120482340239363-0.0185235339273313i,-0.0214215495520871+0.00542203532264458i,-0.0130789516486744+0.0178107348535698i,-0.00459042454416531+0.0216150238204091i,0.0198516289709652-0.00970536343738164i,0.0100958434782973-0.0196559201441767i,-0.0131392643455892-0.0177662878708316i,-0.00441188749753836+0.0216521708140684i,0.0167883950961269-0.0143677083193136i,0.0220530830001445-0.00139383730803409i,0.0143789869903769+0.0167787361080357i,-0.021979772024652-0.002273955583747i,-0.00591743222196014-0.0212900269645446i,-0.0126134438287816+0.01814338135604i,0.00878553127192276-0.0202754948773784i,-0.0187648417912151-0.0116688459070808i,0.021181802132682+0.00629384704806493i,0.00562943860138529+0.0213679824336731i,0.0105092254986697+0.0194380408393089i,-0.0180310630192305+0.0127734888988508i,0.0191384158742696-0.0110454646835718i,0.0214536622715463+0.00529354582401602i,-0.0150017101464333-0.0162243626973428i,0.0111393837689647-0.0190839037280179i,-0.0220947438222536-0.000321788255714224i,0.00873451488690535+0.0202975245274629i,0.0216002782686238+0.00465931657762651i
-0.0161047810241732-0.015130012571573i,0.0115718653808312+0.0188248023591338i,-0.0115654917759995+0.0188287188154642i,-0.0201763910267598-0.00901079893171606i,-0.00599418461855391+0.0212685449199333i,0.0116290794505887+0.0187895120581782i,-0.0106780824734388-0.0193457955882659i,0.0201877763416453-0.00898526230180484i,0.0112410075912387+0.0190242214186611i,-0.0111784620048426+0.0190610398315207i,-0.0194943676420093+0.010404368433053i,-0.0199851178734295-0.00942742360550639i,-0.012344700712815-0.0183272915774141i,-0.00695403052297007-0.0209743345958371i,-0.0214965204816617+0.0051167235057239i,0.0101368891094905-0.0196347837124431i,0.0207054326780766-0.00771792134361095i,0.0107144028545488-0.0193257037057636i,0.0203543938075226-0.00860115718847255i,0.00701654705778319+0.0209535037556596i,-0.0185739358555545+0.0119703867559187i,-0.00800856415413317-0.0205947603152273i,-0.0026565342506849-0.0219368201439376i,-0.0205990217355356+0.00799759687602849i,-0.0206709327781194+0.00780985213272303i,0.0115762393705584-0.0188221129071117i,-0.0212588501246035+0.0060284777209653i,0.0166021687567153-0.0145824978939164i,-0.0139415240705263-0.0171439540026058i,-0.0203301643921852-0.0086582716542769i,0.0195304480473335-0.0103364815736757i,0.00313591561732795-0.0218734378983626i,-0.022007226275525+0.00199078977051084i,-0.0216480577878904+0.0044320250749162i,-0.0104937549139596+0.0194463970971046i,0.00601413401997207+0.0212629124120461i,0.00795309029738149+0.0206162461901828i,-0.0220955824876685+0.000257850311546641i,-0.0111178637943831+0.0190964488034313i,-0.0211181334972196+0.0065042824236144i,-0.0148492519157081+0.0163640144767831i,0.0105410258823561+0.0194208142362782i,0.0182218666747487-0.0124997930838959i,0.00673328560488371-0.0210462376023743i,0.0187856952090101+0.0116352442074373i,0.0160857612398337-0.0151502322618366i,0.0151314655691243-0.0161034158482893i,0.000200960699616897+0.0220961731313306i,-0.0152959150465115-0.0159472955432083i,-0.00434631740970156+0.0216654281570121i,-0.0209261813938416-0.00709761822899522i,0.00781086717553214-0.0206705492481144i,-0.0108605065646569-0.0192439769645355i,0.0120878492331019+0.0184977067003001i,0.0218289296908508-0.00343206655011564i,0.0135984119746179+0.0174173604206004i,-0.0174028751471773+0.0136169449166943i,0.0185911937117976-0.0119435659927404i,0.0217062685769272-0.00413753026802625i,-0.00645031129384676-0.02113468089338i,0.0200097742513894-0.0093749766218889i,-0.00125654855534728+0.0220613312830523i,0.0119915414327907+0.0185602851895706i,0.0145308752434182-0.0166473696694927i
-0.00522061842169231-0.0214715252263926i,-0.022096188920785+0.000199217041201655i,0.00810362630744329+0.0205575410232314i,-0.0116239547855258+0.0187926828153029i,-0.0182955640836385+0.0123916741045754i,0.000985427568697597+0.0220751032785665i,0.0197531628642786-0.00990423187883923i,-0.021267577810648-0.00599761505271559i,0.020738344252609+0.00762904515079113i,0.00589370421548105+0.0212966077785395i,-0.0167424549571211+0.0144212154224705i,0.0220807246087063+0.000850207625817814i,-0.0202231562579165+0.00890534688939297i,-0.00291403212336206+0.0219041016486991i,0.0215724697281075-0.00478641850264014i,-0.0198089416734072+0.00979219495476263i,-0.0074908497800158-0.0207886608954441i,-0.000414104246238118-0.0220932064202047i,-0.0149450862924016+0.0162765367312951i,-0.0144203396278558+0.0167432092882405i,0.0138372482666976-0.0172282272059055i,-0.0173232084653475+0.0137181522341255i,0.0220247559899595-0.0017864422283609i,0.0217488958658773-0.00390727281716474i,-0.013955118212939+0.0171328902382356i,-0.0171080074916967-0.0139856116032363i,0.0171096713899811+0.0139835759796767i,0.0169092007200834-0.0142253359630084i,0.00419137467710102-0.0216959358076273i,-0.0029533371328961-0.0218988367734906i,0.0120822570891844+0.0185013598387627i,-0.00406770959946939-0.0217194611090357i,-0.0180325025887662+0.0127714565590096i,-0.0172977019159535-0.0137503003850588i,0.00212242132053705-0.0219949216863952i,-0.0134531796150642-0.0175297806745364i,0.0181093795656812+0.0126622124448541i,0.0212960977156486-0.00589554699227092i,-0.00438328945412072+0.0216579783408776i,-0.0217885938486686+0.0036794606058892i,-0.0185932236426708-0.011940405639096i,-0.00222505400143735-0.0219847762541086i,0.00527697314627234+0.0214577446779956i,-0.00809286515680936-0.0205617797334333i,-0.000394771793293009+0.0220935603170641i,-0.021937268201962+0.00265283171115598i,-0.0153766720405321+0.0158694426244417i,-0.0212229588050686+0.00615363890806814i,-0.00557286724913738-0.0213828062441771i,-0.0218223997115516-0.00347334465347154i,-0.0177115079428695+0.0132130139878152i,-0.0185509702929286+0.0120059465867299i,0.0193136961509588-0.0107360324720526i,0.00152825679295677+0.0220441757257401i,0.0215886201575992+0.00471303850434395i,-0.0190768769453596-0.0111514132855049i,0.0220878999141643-0.000637126074171639i,-0.0220517388552737-0.00141494371313443i,0.00061247735967405-0.0220885971427888i,-0.0136403439689967+0.0173845410828122i,-0.0220713866466432-0.00106543124926328i,-0.0130168874250592+0.0178561444331038i,-0.0180067912296555-0.0128076821425318i,-0.00630625183283608+0.0211781122877697i
0.0129099455305762-0.0179336153256973i,-0.00358446951797803+0.0218044222699712i,0.0212794483520637-0.00595536145707218i,0.000676597881329162+0.022086726048908i,-0.00542440226288653+0.0214209503137214i,0.012118354697167+0.0184777361082514i,0.0219614049558358-0.00244498356197343i,-0.00891591366902767+0.0202184998379943i,0.0209427168323546+0.00704867816915636i,0.0218831497615993+0.00306741075892131i,-0.02096957390683+0.00696837301086308i,0.0102543328428855-0.0195737045599408i,-0.00573196910124846+0.0213407071690434i,-0.0219887661157977-0.00218527274207975i,-0.0193904278135506-0.0105968184593306i,-0.00247221502959449-0.0219583561565973i,0.0187943449579713-0.0116212671363027i,-0.00401352504617889-0.0217295390875238i,0.0082633481990706+0.0204938607586137i,-0.0144087903982976+0.0167531493012644i,0.0111607992302012+0.0190713872803126i,-0.00520522228874689-0.0214752628197482i,0.0212789958095174+0.00595697822650622i,-0.00988692099434198+0.0197618330502048i,0.0064741483384523+0.0211273911201607i,-0.0219850268746363-0.00222257633705769i,-0.0109530001035775+0.0191914835534817i,0.0208768219818316-0.00724151615281233i,0.0220317038658454+0.00169861032029724i,-0.00296843745502978-0.0218967950012806i,-0.00720139055216458+0.0208906971249818i,0.00637320575518764-0.0211580599454338i,0.000581640635418999+0.0220894306496061i,0.0116954414241091-0.0187482773114695i,0.0220940109783808+0.000368688404643173i,-0.0100724141099097+0.0196679365021097i,0.0211538206846169-0.00638726253535932i,-0.00443580105774091-0.0216472843846214i,-0.0138498339271979+0.0172181111752006i,-0.0190365633027497+0.011220094022464i,-0.0164121119372286+0.0147960749529194i,0.0149180579070475-0.0163013128469614i,0.0180053743144836-0.0128096740024039i,-0.00866222104983761-0.0203284819584808i,-0.000379536397430687+0.0220938272912493i,0.0049654242338075-0.0215319719122714i,0.0220216057018713-0.00182486562898105i,-0.00346406808413868+0.0218238741877097i,-0.0157093093594182-0.0155402333220137i,-0.0170325459334747-0.0140774156462258i,-0.013129358744685+0.0177736094028729i,-0.00498182448385198-0.0215281833201183i,-0.00748579392351431-0.020790481995067i,0.012569305550681+0.0181739871857044i,0.00894601975119651+0.0202051969271208i,-0.0018993249751296+0.0220153086939833i,-0.00691222089064487+0.0209881503380231i,0.00882969229907802-0.0202563023811388i,0.0204314857810711-0.00841639121182095i,-0.0194056359889324-0.0105689424313685i,-0.000988894471388093-0.0220749482440387i,-0.0206840897858394+0.00777493935563902i,-0.00385438818331286+0.0217583304503095i,0.0164047728650986+0.0148042115459437i
-0.0172113518693675-0.013858232898943i,0.0144620268783341+0.016707214933162i,-0.0148833887072115+0.0163329725660266i,-0.0186195963409401-0.0118992388140157i,-0.0112591905611838+0.0190134657587584i,0.0103378314050352+0.0195297335899289i,-0.0135627822781293-0.017445119349795i,0.0188519984728974-0.0115275064879791i,0.00632910260300356+0.0211712945398524i,-0.0132523877555247+0.0176820663676434i,-0.0185438940011499+0.0120168734505546i,-0.0212540906672075-0.00604523631983488i,-0.0106591415980436-0.0193562380809233i,-0.00189765939681932-0.0220154523248148i,-0.0201471893886389+0.00907590281960127i,0.0102475732442878-0.0195772443120957i,0.0202022540954413-0.00895266338671083i,0.0137616371572845-0.0172886840159619i,0.0182909837029403-0.0123984340717408i,0.0125234678450714+0.0182056036808998i,-0.0188226529728223+0.0115753612175704i,-0.0115364770049634-0.0188465103020819i,-0.00604309234408473-0.0212547003548249i,-0.0217181055461584+0.00407494094907553i,-0.0211140227391436+0.00651761428925143i,0.0142358491731018-0.0169003506050385i,-0.0220195671115097+0.00184930161797633i,0.0132072966787128-0.017715771693409i,-0.0168781444831012-0.0142621699281733i,-0.0219296232440665-0.00271530414978285i,0.0188169295485413-0.0115846629047962i,0.00161148607579802-0.0220382477724532i,-0.0220881868698843+0.000627098918513273i,-0.0204511485342016+0.00836849902219938i,-0.0121333759916665+0.0184678758739975i,0.00615143672693039+0.0212235972079923i,0.00763867519155854+0.0207347990964561i,-0.0213033364572257+0.00586933625231741i,-0.0097667966627834+0.0198214766150348i,-0.0219619107126129+0.00244043645763406i,-0.0162948818392363+0.0149250821806064i,0.00674756212729375+0.0210416648008384i,0.0200425072963231-0.00930479196593695i,0.0116031826347311-0.0188055152813637i,0.0212661198737295+0.00600278250219825i,0.016171033614347-0.0150591807246008i,0.0118258137294077-0.018666316773533i,0.00143294621343858+0.0220505763507878i,-0.0141876808344751-0.0169408076782542i,-0.00130506722021682+0.0220585142700782i,-0.0194842358890794-0.0104233297976818i,0.00792743565835393-0.0206261246029201i,-0.00945124528437145-0.0199738632924924i,0.0108152041994615+0.0192694735365676i,0.0207461091412884-0.00760790429423754i,0.0137107013568815+0.0173291061672244i,-0.0174794705549038+0.0135184822140942i,0.0186583233359717-0.0118384214548588i,0.0217079349294904-0.00412877867529109i,-0.00228710009015818-0.0219784081641535i,0.0219698306674073-0.00236807784879996i,-0.00193586383562036+0.022012125827881i,0.0121112514300795+0.0184823927306484i,0.0110127277219243-0.0191572722582128i
-0.0193587956662912+0.0106544958868693i,-0.0216733616586401+0.00430658178446884i,-0.0186075359723019+0.0119180894984061i,0.0204332057723152-0.00841221457873932i,-0.0156901504292783+0.01555957685026i,0.0147918165165798+0.0164159500606077i,-0.00534298043095114+0.021441404160339i,-0.0160347704939452-0.0152041897994939i,0.0112209952608462+0.0190360320867715i,0.0177924842899133+0.0131037687344411i,0.0151130849236332+0.0161206673665695i,0.0196162725082289+0.0101726646035064i,-0.0218968176630923-0.00296827028449541i,0.0220954875328721-0.000265862628476077i,0.00541589767656811+0.0214231021238632i,0.00089743933114544+0.0220788553801922i,-0.0208052177844668+0.00744474077409237i,-0.0137406510173318-0.0173053680074255i,-0.0219787117146586+0.00228418116979701i,-0.00176941473874482+0.0220261304757518i,0.0220875960913101+0.000647573285173753i,-0.0209501529381936-0.0070265456747128i,-0.012983529742732+0.0178804140799961i,-0.00616757612426567-0.0212189127196451i,-0.0121577622279041-0.018451831070717i,0.00566298832014523+0.0213591155139539i,0.0125190296603335+0.0182086558706627i,-0.00161502598233913-0.0220379886407289i,-0.0196818441205578-0.0100452110115514i,-0.015301316604593-0.0159421128592961i,0.0196413616152735+0.0101241377978862i,0.00986503688346501-0.0197727666132083i,-0.00677408298000305-0.0210331417537315i,-0.0180089652061063+0.0128046251197675i,-0.0157601524924161-0.0154886682987376i,0.0096411204216547-0.0198829084710382i,-0.00822520844173305+0.0205091978961288i,0.00335154769393207+0.0218414372308195i,-0.0165662420017298+0.014623299155548i,-0.0121559027541629-0.0184530561285621i,0.00429649746913217-0.021675363013114i,-0.0187946385015532-0.0116207923933123i,0.0207224968794285+0.00767198640083555i,0.00675541437458104-0.0210391451556434i,0.0127124571386998+0.0180741441221777i,-0.00649074578117037+0.0211222979681839i,-0.0163127906184361-0.0149055061803211i,0.00485406928993669+0.0215573482502144i,-0.0178933574001015-0.0129656859905199i,0.016696400543671+0.0144745107391522i,-0.0177463504739518-0.0131661800499689i,0.00343136524350177+0.0218290399426593i,0.0126833621420528+0.0180945731374374i,0.0151912306657242+0.0160470484237223i,0.0155302464484072+0.0157191824693355i,0.00141878573475506-0.0220514919969462i,0.00839372515647932-0.0204408079647066i,-0.0102540236740642+0.0195738665251467i,-0.0155030853508586-0.0157459708134024i,-0.0179559358957726+0.0128788826518232i,-0.0217215613128461-0.00405647955557501i,-0.0220238228101239-0.00179791019820051i,0.00337898794920633-0.0218372089034209i,-0.0187579045844856+0.0116799943429722i
0.00890279579316372-0.0202242794511388i,-0.0170105094260768-0.0141040356394147i,0.000367365641903731-0.0220940330120528i,-0.00257278180424467+0.0219468003599677i,-0.0218664283377198-0.00318442522347299i,-0.00416756544596579+0.0217005218947868i,0.0205989317934539-0.00799782853161791i,-0.0219032971839294+0.00292007272597771i,0.0139663498410557+0.0171237357013524i,0.0151387499616307-0.0160965680146967i,0.00133926757663145+0.0220564642363801i,0.0215459142358603-0.00490457255971216i,-0.0165065157982433+0.0146906837299995i,0.0190532505361151+0.0111917333894513i,0.0114105626202082+0.0189230101448695i,-0.0203422138375719-0.0086299240111966i,-0.00703348880915033-0.0209478229757673i,0.00812236884658365-0.0205501429818037i,-0.0171686741165882+0.0139110704595628i,-0.00588235257842361+0.0212997460171628i,0.0193668139145013-0.0106399140529239i,-0.0205634007902805-0.00808874527914066i,0.0220950779381331+0.000297965032099616i,0.00123301845295029-0.0220626589002145i,0.00300256133805873+0.0218921419158502i,-0.0214206408340979-0.00542562425063769i,0.0219737049882198-0.00233185362817038i,-0.00505898973857176-0.0215101807309366i,0.00484286201796337+0.0215598687316852i,-0.0120282504667351-0.0185365164732216i,0.00585734959274963+0.0213066353045441i,-0.00978394617581178-0.01981301717259i,-0.00296796165670031+0.0218968594975829i,0.0213552923717737+0.0056773884813875i,0.0204850871456575-0.00828507434410509i,-0.0220025566981641+0.00204175194296549i,0.0215314323855087-0.00496776324725671i,0.0161611130812218+0.0150698266820986i,0.00163055699874738+0.0220368449676074i,-0.012445105144242-0.018259260943458i,-0.0195254344999005-0.0103459489580524i,-0.0177655665320539-0.0131402396495533i,0.0207940346105257+0.00747591980085305i,0.00350158409014034-0.0218178862659105i,0.00908446122416726+0.0201433318127645i,-0.0163182478124084-0.0148995315559033i,-0.0199417731676382-0.00951876752436955i,-0.0126666411540643+0.0181062821729557i,-0.000455238012071267-0.0220923971221978i,-0.0219367990863588+0.00265670813174061i,-0.0165289781562474+0.0146654060074321i,-0.0211999262530491-0.00623252590189614i,0.0186681606522017-0.0118229027787644i,-0.00363239239293321+0.0217964900329454i,0.00917654140670094+0.0201015506880348i,-0.0196023434909005+0.0101994794924683i,0.0148884702422364+0.0163283405800642i,-0.0133093023512089-0.0176392665147005i,0.0103294164253014-0.0195341856386501i,0.00276864394926493+0.0219229528789971i,-0.0217246627803303-0.00403983654786425i,-0.0201403600537906+0.00909104774798844i,-0.0204335596812128+0.00841135488532286i,-0.00934126952710413+0.0200255320996603i
-0.00656376383201446-0.0210997217187826i,0.0199614306411142-0.00947747535014029i,-0.0218973060661336-0.00296466512419168i,-0.0212503610789947-0.00605833362112672i,-0.0175576430039118-0.013416796353814i,-0.0100793234849118+0.0196643965160142i,-0.00736224786016171-0.0208345520397745i,0.0214670542828635-0.00523897248218767i,-0.00777712828667942+0.0206832668566902i,-0.0219660588754214-0.0024028128795328i,-0.00762095390677547+0.0207413189986397i,-0.0220158731764978+0.00189277059595039i,0.00157037548469847-0.0220412153269639i,0.0186608770036306-0.0118343957052272i,-0.00543433622359903+0.0214184322970055i,-0.00516686136983824-0.0214845245662407i,0.0104874093139722-0.0194498200026051i,0.0217672163169269-0.00380388565346541i,0.00569818556375252-0.0213497525403357i,0.0199315231286173+0.00954021163423135i,-0.0213044405938687-0.00586532720611955i,-0.0176831212616007-0.0132509801411086i,0.000975532790418197-0.022075542757254i,-0.0153668782368088-0.0158789264595444i,-0.0138498888433084+0.0172180670018597i,0.00878990623602952-0.0202735986103686i,-0.00814338085360784-0.0205418256376015i,-0.0112256905757743-0.019033263602165i,-0.0210204595062521+0.00681333504229354i,-0.02036453525241+0.00857711817604714i,0.0101056438842262-0.0196508832864513i,-0.0171473991433617-0.0139372864959707i,-0.0179539177316446+0.0128816959418341i,-0.0036808467414248+0.0217883597252907i,-0.00339696034319422+0.0218344203650863i,-0.0105382278279473+0.0194223326739814i,0.0200192896305745+0.00935464028916672i,-0.00647129745059763+0.0211282645183748i,0.0106612192793451+0.0193550937928559i,-0.0137506822684094-0.0172973983421143i,-0.0198919845290475+0.00962238035772143i,-0.00624897802495078+0.0211950825876242i,0.0220769205074074-0.000943839584963984i,0.0206191177378379-0.00794564257726877i,0.021428013748497-0.00539643206635182i,0.00226645846158264-0.0219805463602352i,-0.00725125860504013-0.0208734400829226i,-0.0118664571349193+0.01864050555424i,0.00575135388307022-0.0213354911067034i,-0.0104119617255129+0.0194903131139288i,-0.0219962033401177-0.0021090971700524i,-0.00760407351384349-0.0207475135437621i,0.00445327589558123-0.0216436962196933i,-0.00959245691632261+0.0199064316883017i,0.0167080030162383-0.014461116397495i,-0.00242339583596229+0.0219637975968358i,-0.00426553740398519+0.0216814769540207i,0.00625875203875294-0.0211921984506076i,0.0220627140128616+0.00123203191484989i,0.0203757141834009-0.00855052768949872i,0.0189475230027914+0.0113698119734329i,0.0115732221187866+0.0188239682862503i,-0.00437178026550745+0.0216603044660653i,-0.0042285462076322-0.0216887217055881i
-0.0137216057310187+0.0173204731002073i,-0.00963233567993093+0.0198871657508469i,-0.0211754885304631-0.00631505643274495i,0.0190538425722304-0.011190725422652i,0.00626779964760574+0.021189524294566i,0.0212989143127239+0.00588536331518924i,-0.00926086795608136+0.0200628406999745i,-0.0173082078375438-0.0137370736951112i,0.00864103533520997+0.0203374964188855i,0.0219474413645467-0.00256730789005035i,0.0207311756513021+0.00764850366852162i,0.0199752603780465+0.0094482921780486i,-0.0218687631773358-0.00316835120309129i,0.0136111098122443-0.0174074392697937i,-0.0123506890992806+0.0183232565616879i,0.0179381890985856+0.0129035895825895i,-0.00438558687939212+0.0216575132454267i,-0.0202967492136779-0.00873631636386832i,-0.0220616869162017+0.00125028903219306i,0.000385681299007115+0.0220937208769398i,0.0146366965435541+0.0165544062576838i,-0.00547197218942624-0.021408847998215i,-0.0161000947217098+0.0151349992469276i,-0.0194263923273707-0.0105307423003131i,-0.00428632363073549-0.0216773771934043i,0.00859825075813188+0.0203556217333889i,-0.00999518201300965+0.0197072978558537i,-0.0202617162433021-0.00881726188385245i,-0.0203553976057514+0.00859878134181235i,-0.0167821960088303-0.0143749486737772i,0.0187501280033288+0.0116924741655183i,0.0176453345214339-0.0133012564022811i,0.00167356376117771-0.0220336205964839i,-0.00179024144651402+0.0220244475030751i,-0.0184860269588091-0.0121057035950295i,0.0215015787212266-0.00509542586516814i,-0.0203139914401514+0.00869614880403879i,-0.0153961143267817+0.0158505809322307i,-0.0213481010155338+0.00570436984101593i,0.00580130313695044-0.021321963656421i,0.0195345736238536-0.0103286826646369i,-0.0211142239454577-0.00651696243917285i,0.0173676635829872-0.0136618268881109i,0.00944305541238802-0.0199777365267214i,0.0144134493641383+0.0167491411624582i,0.0126306370746536+0.0181314163633433i,0.000226815063037527-0.0220959228632729i,0.0143225500819956+0.0168269370772359i,-0.0220583078059487-0.00130855224983536i,0.0203795775661243+0.0085413155004865i,-0.0173885137787191-0.0136352792717944i,0.0193034906991786+0.0107543711614978i,-0.00862851029189382+0.0203428135319383i,0.0214372680753845+0.00535955126075204i,0.00532834647646787+0.0214450454902581i,0.0179852899379918-0.0128378580027549i,-0.0109209612387527-0.0192097334149694i,0.00909157033036313+0.0201401241600093i,-0.0220430159435333-0.00154489493677273i,-0.0199022886553943-0.00960104986602465i,-0.00906997639304801-0.0201498580759786i,-0.0154636154387261-0.0157847347084366i,0.0190581513881425-0.0111833857985483i,-0.019285337061854+0.0107868914272467i
0.0154018550755605-0.015845002760617i,-0.0152343852453726-0.0160060850443856i,-0.00126570477878623-0.0220608078652049i,0.00794027365836036+0.020621185865097i,-0.0188938790708016-0.0114587340448434i,-0.0105418124679753+0.0194203872809625i,0.0220545867678055+0.00136983749177244i,-0.0220548397418618+0.00136575847547175i,0.0106960396594632+0.0193358730823234i,0.0131386226552737-0.017766762422424i,0.0111760973250558+0.0190624264151605i,0.0215970813965706+0.00467411247216333i,-0.0147387287860674+0.0164636304022921i,0.0184644696192269+0.0121385589726778i,0.0164016613742586+0.0148076587081376i,-0.0218667881228743+0.00318195371459918i,-0.0179964815751138-0.0128221645274548i,0.00748267483161633-0.0207916047869525i,-0.0205430573387479+0.00814027317904283i,-0.00608543957713941+0.0212426146555812i,0.0189094473600445-0.0114330246562418i,-0.0220970701628131+2.7248343857449e-05i,0.019936832188279+0.00952911194964839i,0.00671052730609303-0.0210535050651123i,0.0114735392038437+0.0188848921201682i,-0.0214836517964363+0.00517048912019045i,0.0217976131061438-0.00362564685641006i,-0.0141669672222734-0.0169581335050636i,0.00283933091218406+0.0219139100167826i,-0.0118507285504547-0.0186505089763247i,0.00375127652034203+0.0217763444296893i,-0.0145600112267384-0.0166218929526627i,0.0059988976861051+0.0212672160567426i,0.0207425841364345+0.00761750980278096i,0.0159681314720962-0.0152741621551684i,-0.0199838061614297-0.00943020379180281i,0.0193003041734787-0.0107600888037101i,0.0165274492963743+0.0146671289626943i,0.00725526323914454+0.0208720484759701i,-0.00269981035243937-0.0219315361138565i,-0.0118788084663573-0.0186326370026394i,-0.0187481859187236-0.0116955879291938i,0.0161572922120868+0.0150739231995446i,0.00732844005644707-0.020846467772541i,0.00889173272514945+0.0202291458395315i,-0.0216814662135138-0.00426559199699057i,-0.0218438503494125-0.00333578389063196i,-0.016314579687947+0.0149035479620846i,0.00625459717330533-0.0211934250760043i,-0.0220834081393551+0.000777391280626641i,-0.0135292596161986+0.0174711300862316i,-0.0213555770249283+0.00567631766067422i,0.0220492822209149+0.00145272357830872i,-0.010060809408381+0.0196738752232691i,0.0028209955763758+0.021916277882218i,-0.0220652694731717-0.00118538404276573i,0.0212009691856486+0.00622897727092547i,-0.0205315947940175-0.00816914117069856i,-0.00290874843103656-0.0219048039210003i,0.00405867697300416+0.0217211508323416i,-0.0220100234936134+0.00195962191841019i,-0.0219959080458113-0.00211217458860314i,-0.021871738868583-0.00314774381375691i,-0.0149023444093131+0.0163156790652042i
0.0129022424273646-0.0179391580794094i,0.00548703035873411-0.0214049935784821i,2.816982461818e-05-0.022097069007303i,-0.0194294843781733+0.0105250362968898i,-0.00589897894817144-0.0212951473256599i,-0.0218373006240511+0.003378395137835i,0.00850322695766108-0.0203954991005132i,0.0144020122620399+0.0167589765515852i,-0.0209973658589948+0.00688417600269246i,-0.0130959651458138-0.0177982288206484i,-0.00359463276464169+0.0218027490821661i,-0.0166720102816801+0.0145025971956778i,0.0215734834121156-0.00478184752158631i,0.0166854035166016+0.0144871861222498i,0.0206390979414749+0.00789359793850273i,-0.0205798716635669-0.00804674683108918i,-0.00854681794275509-0.0203772705558406i,0.0203787827341424+0.00854321172201342i,-0.0172033555863479-0.0138681580904676i,0.0205244928956412-0.00818696791427107i,-0.0077196187484494-0.0207047998935299i,-0.0145344213336362+0.0166442737525213i,0.0155221558811685-0.0157271716800331i,0.0129628330771547-0.0178954242997016i,0.00454996125609819+0.02162357752132i,-0.00788908944742932-0.0206408216876894i,0.0110823902873285-0.0191170572466543i,-0.021972496688303+0.00234321179901485i,0.00356674960807563+0.0218073278850441i,-0.00749805919389337+0.0207860616899258i,-0.0157616994052106-0.01548709411453i,-0.0217134184025273+0.0040998431103296i,-0.00140514647772722+0.022052365306893i,0.0209845085388746+0.00692326899913806i,0.0206081110190188+0.00797414650481948i,-0.022096912129388+8.79010729872468e-05i,0.017605334872994-0.0133541542698244i,0.0180719747613354+0.0127155409038777i,0.0216644405194219+0.00435123766679754i,0.00103316588702842-0.0220729205249874i,-0.0206794273630632+0.00778733177592447i,-0.0202184942571124+0.00891592632470925i,-0.00145927057938095+0.0220488498935587i,0.0191044160761094+0.0111041676249696i,0.01055738862302-0.0194119241116139i,-0.016736198760031-0.0144284754328815i,-0.0215763133711778+0.00476906212595983i,-0.0213894134439616-0.00554745390028649i,0.0206506065307071-0.0078634408604915i,-0.0216954059012331+0.00419411671669606i,0.00769630235609034+0.020713478276141i,-0.0213689194053807-0.00562588088203711i,0.0196870101069922-0.0100350827251057i,-0.021747569384729+0.00391464916805156i,0.00106009830306194-0.0220716434331559i,-0.0204275524982619+0.00842593325295683i,0.0153477172192972+0.0158974472293201i,-0.0138065468226608-0.0172528408410384i,0.0174783998787274+0.0135198664909026i,0.0193337991379173+0.0106997879954323i,0.00179859109305869+0.0220237672148181i,0.0219441693942099+0.00259512655775204i,-0.0210973745191014+0.00657130433424739i,-0.0215396122412101-0.00493217566098772i
0.015045411870105+0.0161838448432822i,-0.00139251881370416+0.0220531662943444i,0.00767648498003863-0.0207208308376805i,0.021942399135481+0.00261005218947299i,0.0179818802996398+0.0128426334192779i,0.0219495631265527+0.00254910392216702i,0.00684568701471338+0.0210099457769199i,-0.00691457953286524+0.0209873733977411i,0.0207229107557082+0.00767086840347842i,0.0208663583050647-0.00727161215530552i,0.0220906048405855-0.000535191582172006i,0.0173345336959695-0.0137038386518459i,0.0104743828171421+0.0194568383056571i,-0.00654448906686035-0.0211057081166748i,-0.0220693302735656-0.00110720979439808i,0.0204815493260285-0.0082938163385735i,0.0079061337333059+0.0206342991556198i,-0.0211369759394571-0.00644278669422942i,-0.0142249113453623+0.0169095579323977i,-0.0152104180320794+0.0160288625779224i,0.00628744721377684+0.0211837026930256i,0.0146969855142281-0.016500905097815i,-0.00152018760703079+0.0220447336543665i,-0.0197387969284814+0.00993283182525009i,0.0174014283337003-0.0136187937865151i,-0.0054619969003886+0.0214113951463391i,-0.0140769727636472+0.0170329119666621i,-0.0144167652649437+0.0167462870973849i,0.0118152421757185+0.018673010056808i,-0.00189463271062611-0.0220157130055866i,-0.0184114955082023+0.0122187595689569i,0.0194735980688364-0.0104431906286316i,0.0204122260619731-0.00846299470916979i,0.0220203764917748-0.00183963893550368i,0.021312352587168-0.00583651261052031i,0.0140682554012492+0.0170401127407582i,-0.0146912845670256-0.0165059810378906i,-0.0215382479752118-0.00493812984952936i,-0.0219697307986739+0.00236900419719502i,0.0205454402694316-0.00813425696592798i,0.0195777007165468+0.0102467012694745i,-0.00821049982741321-0.0205150906611834i,-0.00215986207286148-0.0219912766359469i,-0.00805136612070693-0.0205780649197844i,-0.00145897001899432+0.0220488697836466i,0.0220737131599282-0.00101609034329652i,0.0190352847258795-0.0112222630363589i,0.0191580644176823+0.0110113496003199i,-0.0219980235964753+0.00209002633989205i,0.0125762380169627-0.0181691906697363i,-0.0157062678493442+0.015543307321712i,0.0193914815293913-0.0105948901055086i,-0.0185593839946518+0.0119929361705794i,0.0220056358583604+0.00200829348496977i,0.00127761331399739+0.0220601214065659i,0.019461494302141+0.0104657293955206i,-0.0220742101441033-0.0010052356770915i,0.0218857293459719+0.00304895117169702i,-0.0104441041375327+0.0194731081498795i,-0.0173096553490645-0.0137352496864503i,-0.000472860560543741-0.0220920269586747i,-0.00563888331855449-0.0213654919712198i,0.0184510046819855+0.012159016344996i,-0.00538157068796144+0.0214317509593361i
0.0185720435816913-0.0119733224065957i,-0.0220364085741982-0.0016364441339477i,0.0189405972562965-0.0113813456070581i,0.00809344646021636+0.0205615509300281i,-0.0208809796703674+0.00722951867403581i,0.00112741444944873+0.0220683073413369i,0.0215951830036699+0.00468287553651984i,-0.0206717304229177+0.00780774061907455i,0.0209458371724763+0.00703940035774616i,0.0219031567714-0.00292112575901899i,-0.0104145846152336+0.0194889117075497i,0.0217550152440938-0.00387305615525737i,-0.0113990944583386+0.0189299207019576i,0.000476458893423677+0.022091949646317i,0.0218562309882188-0.00325367780244977i,-0.0220840873755844+0.000757850275505025i,-0.0163373904951338-0.0148785390432677i,-0.00834645274352156-0.0204601558853468i,-0.0134715432946823+0.0175156722255251i,-0.0172871982900741+0.0137635034614079i,0.0212366739651749-0.00610613880855912i,-0.0212315895169808+0.00612379448013734i,0.0182701978681032+0.0124290434914713i,0.0207762132354595-0.00752530503350179i,0.0139141258499082+0.0171661980090364i,-0.0214445962827547+0.00533015408052995i,0.0182770433925889+0.0124189748803173i,0.0108640289227432-0.0192419886658923i,0.0209346324349605+0.00707265276014807i,0.00117821191666824-0.0220656536030989i,-0.000678345294365142+0.0220866724500125i,-0.00116709086339163-0.0220662446095641i,0.00881052175746531+0.0202646480012301i,0.0159528202213696-0.015290153015493i,0.0173336231850232-0.0137049903149238i,-0.0209596412451365-0.00699819198991427i,0.020856316598993-0.00730036370156298i,0.0214928546597672-0.00513210004059279i,-0.007201947424536+0.0208905051529815i,-0.0192583570118689-0.0108349867307685i,-0.0184350050753986-0.0121832606523277i,-0.00583428716578408-0.021312961913345i,0.0123641782192348+0.0183141570708435i,-0.00867122522851573-0.0203246428083959i,-0.0045039803893411+0.0216332016332525i,-0.021080844784676-0.00662414035305159i,-0.0164571882475748+0.0147459217153901i,-0.0200625204666959+0.00926156168126823i,-0.00571030572105844-0.0213465140204338i,-0.0170976019107188-0.0139983306560145i,-0.00666650109009808+0.0210674871654939i,-0.0218502951008762+0.00329330476226451i,0.0220845471924519-0.000744330274068862i,0.00167003348747463+0.0220338884539984i,0.00969514256338328+0.0198566226465681i,-0.0220504390272972+0.00143505782321679i,0.0203873387448219+0.00852277367741358i,-0.0195086547806951-0.0103775546686197i,0.000484022114178921-0.0220917852344602i,-0.0120528232732971+0.0185205481397068i,-0.0219624229869353-0.00243582199584975i,-0.0220641045587786-0.0012068729310963i,-0.0220905752040009-0.000536413468239689i,-0.00443883478653832+0.0216466625138922i
0.0220934367355094+0.000401628518128362i,-0.0117615969139164-0.0187068460807021i,0.019081213618534-0.0111439911654847i,0.00664319266260951+0.0210748485996929i,-0.0128299451450253-0.0179909354906345i,-0.0167377542298999-0.0144266709809296i,0.0217955712459757+0.00363790136124187i,0.00548542718718564+0.0214054044770617i,-0.0216980932838924-0.00418019139466497i,0.00963961639197648-0.0198836376970631i,-0.0167478638692683+0.0144149335090033i,0.00480439379480068+0.0215684735787447i,0.0220662135653296+0.00116767767033279i,-0.00433262276663065+0.0216681709476043i,0.0189255314370786-0.0114063803231648i,-0.0193048938337588+0.0107518522273993i,-0.0211763150683082-0.00631228424425506i,0.00150110562454163+0.0220460412354803i,-0.0181963397534932-0.0125369243368528i,0.0130747673473434-0.0178138067539022i,0.0147011005641739-0.0164972389948917i,-0.012931692005732+0.0179179405658523i,0.0188473245026387+0.0115351467847081i,0.0220878848735988+0.00063764728743426i,0.020069692436081+0.0092460098298477i,-0.0217634884970697+0.00382515629621121i,0.0215347944577207-0.00495316867431863i,-0.00455578517044073+0.021622351253583i,0.0205007003338408+0.00824636514317592i,0.00464719624606793+0.0216028891424981i,-0.0194308856035508-0.01052244918801i,-0.00978344688949487+0.0198132637193614i,0.016861770833471+0.014281524309822i,0.0167927746407049-0.0143625893250148i,0.0166002259915387-0.0145847094342799i,-0.0155864092919649-0.0156634957029355i,0.0207551426061278-0.00758322541217306i,0.0200356429157162-0.00931956357381824i,0.0165058219172911-0.0146914633405663i,-0.00933421761568291-0.0200288200789663i,-0.0171294186116578+0.0139593792941921i,-0.0187291205006221-0.0117260947261101i,-0.00191366610864602+0.0220140667364562i,0.0113068849117618+0.0189851417125262i,-0.00132436564282937-0.0220573640287461i,-0.0217807770930319+0.00372545319071195i,-0.00952317445871253+0.0199396690163466i,-0.00917211906856397-0.0201035689379924i,0.019381055346258+0.0106139505330396i,-0.0118135230325758-0.018674097724156i,0.0189355628824587+0.0113897195126561i,-0.0179398726885119+0.0129012487834517i,0.0199764819411838+0.00944570915845314i,-0.0170876358412411-0.0140104944098936i,-0.00663217494726313-0.0210783184272708i,-0.0203473794142753-0.00861773770917014i,0.0220300786646093-0.00171955990987649i,-0.0220945955294568-0.000331814168224249i,-0.00821421992405445+0.0205136014217834i,0.00538070614289635+0.0214319680304056i,-0.000874979987909805+0.0220797568436178i,0.00994165539682887-0.0197343543148296i,-0.0194981077001478-0.0103973577588716i,-0.0218492087382814-0.00330050447106732i
0.0216940489424709+0.00420112993541086i,-0.00514616092910769+0.0214894923147164i,0.0208509896861309-0.00731556432282513i,0.0180148605641261+0.0127963295951465i,0.0173981195994122+0.013623020467469i,0.0217910797054613-0.00366470974604543i,0.0156928323059945+0.0155568720014167i,3.20851734777423e-05+0.0220970636690528i,0.0168110938838076-0.0143411427258199i,0.0220638336830376+0.00121181494452941i,-0.00857832379373994-0.0203640274293246i,0.00827099409275419-0.0204907761924763i,0.0153282205356115+0.0159162466512739i,-0.0218267975249688-0.00344560039130275i,-0.00762055564920788-0.0207414653255226i,0.0112223151094242-0.019035254026078i,0.0105701007788262+0.0194050050702901i,-0.0219040091115656-0.00291472761900293i,0.00204370093055574+0.0220023757526085i,-0.0220068197377255-0.00199527874839215i,-0.00105382269650807+0.022071943955548i,0.0219553043415443+0.0024991725676098i,0.00872525769439928+0.0203015056195065i,0.00414154069888879+0.0217055037465611i,0.0219944309483607+0.00212750076623246i,-0.0150459893423348+0.0161833079734298i,-0.00963176481737127+0.0198874422376377i,0.00403649240761536+0.0217252843777888i,0.021873754938246+0.00313370342471762i,0.016098243959423-0.0151369677833914i,-0.0214355356683444+0.00536647583276628i,0.0215030556503215-0.00508918951815567i,0.0206220045146276+0.00793814726817324i,0.012894781648658-0.0179445216845131i,0.0219933685458186+0.00213845557829119i,-0.000180664511970034+0.0220963483993768i,-0.00291364003533084-0.0219041538069163i,-0.00817267867303126-0.0205301869343635i,-0.0218408643221147-0.00335527911141611i,0.0159271724873776+0.0153168674607391i,0.0127962098504583+0.0180149456206662i,0.0127917151531412-0.0180181374091061i,-0.0191728804207477-0.0109855317861375i,-0.0218899011775228-0.0030188538703975i,-0.0182036049764802+0.0125263729033105i,0.0169102660195797-0.0142240695793987i,0.0177783158339434+0.0131229851162412i,0.00426378104267353-0.021681822420467i,-0.0205456234421469+0.00813379429454861i,0.000484806771930644-0.0220917680289835i,0.00898800880490843+0.0201865536923819i,0.0089580553225511-0.0201998637889131i,-0.0199244259063165+0.00955502509448466i,0.021694318081104-0.00419973990247173i,0.00178866580465364+0.0220245755212624i,0.00817704071541329+0.0205284499510071i,-0.0181392984857603+0.0126193146682782i,0.0192318801498842-0.0108819133498214i,0.00325033142396509+0.0218567288926526i,-0.0200751657744338-0.00923411995706844i,0.00582082273328443-0.0213166431447404i,0.00474974205580907-0.0215805746599994i,0.00631440796607961+0.021175681908511i,0.0114741727795343+0.0188845071759345i
0.0155392875590612-0.0157102448869945i,-0.0208367797776209+0.00735594050760718i,0.0180394889726252+0.0127615864945963i,-0.0012223233397634+0.0220632540189701i,-0.0163525490265816+0.0148618771555202i,0.00604445867090439+0.0212543118361489i,0.0219919914921408-0.00215257112824043i,-0.0214013062138372+0.00550139478624291i,0.0217023315441198-0.00415813152769732i,0.0150624993051582+0.0161679425696233i,-0.0220647761196073+0.00119453214445554i,0.0157629947851509-0.0154857756556084i,-0.0171773553480014+0.0139003494740606i,-0.0153421098360244+0.0159028588006022i,0.0120024458460909-0.0185532354581131i,-0.0190819148372889-0.0111427904222857i,-0.00361520443876557-0.0217993474470787i,-0.00699907583233778-0.0209593461192308i,0.0103858177958044+0.019504256995971i,-0.0212974221472859+0.00589076074313194i,0.020703977702742-0.0077218235888221i,-0.0172120376325321+0.0138573811663253i,0.0211978548303611+0.0062395675205471i,0.01864466340409+0.0118599232206922i,0.00791208083892566+0.0206320195097531i,-0.0217129999397013-0.00410205873569116i,0.0119051288103349+0.0186158309044174i,0.0209963868700709-0.00688716129147866i,0.0156932187870113-0.0155564821330378i,0.00972862199043683-0.0198402410877418i,0.00644590186258462+0.0211360261504015i,0.00290353994571281-0.0219054949278983i,0.00209970463710307+0.0219971019156946i,-0.00653483609913059-0.0211086989037702i,0.0211519906421448-0.00639332027409462i,-0.0217864068334775+0.00369238805364937i,0.0220803126912491-0.000860838956595801i,0.0137430666304209-0.0173034497093597i,-0.0109145176833569+0.0192133952229224i,-0.017839800953927+0.0130392773640564i,-0.0219856093796963-0.00221680681520491i,0.0143907871343897-0.016768616457693i,0.00658645529508205+0.021092649404435i,-0.0175372408918437-0.0134434532079364i,-0.0126191232955917+0.01813943162018i,-0.0142945059647719-0.0168507670886411i,0.000190513990198702+0.0220962656725535i,-0.0220829960082319+0.000789011757163848i,-0.0103490183302574-0.0195238078215425i,-0.0173701331080657-0.0136586869083601i,-0.00159423960184488+0.0220395020893041i,-0.0202370665528925-0.00887369086605622i,0.0170113508979995-0.0141030207004621i,0.00656556200721021+0.021099162253085i,0.02161304044728+0.00459975378436376i,-0.0187788624559809+0.0116462688064409i,0.0126948933163202+0.0180864848972866i,-0.0109620660571413-0.0191863065755606i,0.013514212573695-0.0174827718273023i,-0.0183752462449202+0.01227320568112i,-0.0220970015981531-6.14216879275567e-05i,-0.0186050186772819+0.0119220188001245i,-0.0197423361368381+0.00992579549016733i,0.0178793834614715+0.0129849489521595i
0.0019698374883379+0.0220091115795724i,-0.0192860278618091+0.0107856562881472i,0.0152455213891383+0.015995478418161i,0.021144724671117+0.00641731024925444i,-0.0150175587454191+0.0162096940619006i,0.00964279376910494-0.0198820969864609i,0.00797969126254067+0.0206059646609194i,0.0130642499530396+0.0178215214114013i,-0.0220946153550554-0.000330491398793909i,0.0202957299120833+0.00873868408791024i,-0.0214083290136267+0.00547400229236704i,0.00912075740692061+0.0201269231770937i,0.0168261327816112-0.0143234949599642i,-0.0212426062092941+0.00608546906075347i,3.35500549860475e-05-0.0220970614934733i,0.00475639668960307+0.021579108943227i,-0.0118269195100838+0.0186656161739849i,-0.0182909599961062+0.0123984690455463i,-0.00588887097470775-0.0212979447575529i,0.0162088702155925-0.0150184479420014i,0.0208457415118174+0.0073305056493412i,-0.02111142034134+0.00652603887697451i,-0.000317416211540553+0.0220948070641312i,0.00900171566019347+0.0201804451741174i,0.00992902514094959-0.0197407120439694i,-0.00913195108756918+0.0201218468731569i,0.00619142751965144+0.0212119654327795i,0.0126106798943714+0.01814530255615i,0.0132659290696233-0.0176719092961755i,0.000476171738367769+0.0220919558375466i,-0.00724758257299164-0.0208747167429931i,0.017727098444534+0.0131920897885941i,0.0148515337317262-0.0163619435907819i,-0.00953302093702947-0.0199349633575456i,-0.00706740848658148-0.0209364034527501i,0.00981085007121005-0.0197997089153544i,0.00704826240495102+0.0209428567612798i,0.00232749069894007-0.0219741675450716i,-0.0114782681814759-0.0188820182132803i,-0.0208674581326138-0.00726845536108876i,-0.00225032245398274+0.0219822041912459i,-0.0147514201010686-0.0164522599436769i,0.0128414279953524+0.0179827411506897i,0.0144457425304067+0.0167212970489052i,0.00287263191137954-0.0219095695565717i,-0.00268502750250706+0.0219333508512336i,0.0121339345140339+0.0184675089132689i,0.0156877889154277-0.0155619578201945i,-0.00527899083005147+0.0214572483806466i,0.0109288392953686-0.0192052525083253i,0.0190273429184994-0.0112357231059848i,0.00720721451696523+0.020888688593566i,-0.000845336856200289+0.0220809116173241i,0.00915070312419959-0.0201133260448214i,0.00134080227521718-0.0220563709959572i,0.0016073667214079-0.0220385486018349i,0.0046780425478433-0.0215962304621222i,-0.00666156869207161+0.0210690473162253i,-0.0167446627824985+0.0144186518285497i,-0.0210845629669731+0.00661229587543362i,0.012638961891548+0.018125614322183i,-0.00532626423125619-0.0214455627483023i,0.00356566419560751-0.0218075053845389i,-0.0146223563722739-0.0165670741645817i
0.0185247740707503+0.0120463271531278i,-0.0107149871727347+0.0193253797411761i,0.0156325460629338+0.0156174503630644i,0.0211740527098404-0.00631986899337535i,0.00926926970723666+0.0200589603755288i,0.0175913938147867-0.0133725134475765i,-0.000152939539664929+0.0220965576900506i,0.0185089066085747+0.0120706929547391i,0.0068839290890578-0.0209974468102518i,0.0138204078909216+0.0172417394128632i,-0.00897152684076789-0.0201938841830369i,0.00093210174571944-0.0220774192012598i,0.0215716356569517-0.00479017612789519i,-0.0219929446243855-0.00214281100455522i,0.000195269321725404-0.022096224160352i,0.0146363528471354-0.0165547101329706i,-0.00197113972156402+0.0220089949895628i,-0.021621373463013+0.00456042342611363i,0.0206030853567757+0.00798712251276664i,-0.0168580725080564-0.0142858896665781i,-0.00914587711382739+0.0201155209743943i,0.0159178523548483+0.0153265530587206i,-0.00841647759399947+0.0204314501972384i,0.0100834485970781+0.0196622815726612i,0.0209302798551379-0.00708552308853333i,0.0034916232176148+0.0218194825685382i,-0.00566962498511981+0.0213573548170328i,0.00962551430798296+0.0198904682337884i,0.0129191018474204-0.0179270203800996i,0.0218745013544281-0.00312848889204556i,-0.0155009758919403-0.0157480474551613i,0.021799954732525+0.003611540656339i,0.0220631905296964-0.00122346879929343i,-0.00991961248412868-0.0197454435355919i,0.0167726027607181+0.0143861408613874i,0.00357649361344808+0.0218057319456489i,-0.00787824093227541-0.0206449648114389i,-0.0075079694160663-0.0207824841513218i,-0.0188497900976602-0.0115311172713958i,0.00861090880444472+0.0203502703130466i,0.0195835905667604+0.0102354400377327i,0.0207785992040975-0.00751871447576016i,-0.0220407404560744+0.00157702644254803i,-0.0202598018910382+0.00882165968445921i,-0.0220960120399636-0.000217954541847042i,0.0193059489850596-0.0107499574900929i,0.0119984527275123+0.0185558180740753i,0.00347277010139239-0.0218224911519149i,-0.0144115650315523+0.0167507625376837i,0.0141324088194341-0.0169869441987931i,0.0202046274925533+0.00894730574752461i,0.0126347821614886-0.0181285281251474i,-0.0105269682326327+0.0194284377159274i,0.0172570563517136-0.0138012774164681i,0.00414159500415738-0.0217054933847187i,0.0115462535821615+0.0188405222981994i,-0.0202074972976051+0.00894082240175998i,0.0209498664524158-0.00702739979497896i,0.00203787843885099+0.0220029158004342i,-0.0214659451781797-0.00524351502905391i,0.0220953642291551-0.000275919976629388i,0.0106888146309405-0.0193398679943251i,0.00982068162417251+0.0197948342930465i,0.0220200278727326-0.00184380713107627i
0.0117697521095498-0.0187017161654292i,-0.0208160486956958-0.00741440280474099i,0.00187175048422131+0.0220176702304614i,-0.0214833953077489+0.00517155472788627i,-0.0212521633428117+0.0060520083858979i,-0.00846404745639228+0.0204117895567358i,0.00567743368668864-0.0213552803537154i,-0.000153912524341596-0.0220965509341929i,0.0171895484577189-0.0138852683111369i,-0.0064106361496833+0.0211467490742408i,-0.0211872082223842-0.00627562427124711i,-0.00324251812541295-0.0218578893871045i,-0.0197707990278936-0.00986897958510258i,-0.00473421016877686+0.0215839872667304i,0.0195441024511004-0.0103106406994629i,-0.0150238489268891-0.0162038642204426i,-0.00633983981536175-0.0211680817120513i,0.00880941502031247-0.020265129144726i,0.0211322706594583+0.0064582032352604i,-0.021205069423608-0.0062150046655247i,-0.0119035748709109-0.018616824582757i,-0.0090387288570342+0.0201638942890887i,0.0132613953856335-0.0176753117278996i,0.0220744505398289+0.000999942806952775i,0.00236247816787012+0.0219704335223242i,-0.00231268094615591-0.0219757311390046i,0.0212019755099148+0.00622555111853585i,0.0169189860793209-0.0142136962926705i,-0.00139258404798915-0.0220531621751125i,0.0187225058651251-0.0117366531167486i,0.0220964669386593+0.00016553271961471i,-0.011821307948563-0.0186691705931938i,-0.003605640139348+0.0218009314351027i,-0.0201969447685763-0.00896463464217067i,0.0133360019015636+0.0176190892367915i,-0.0198614093987306+0.00968533267103115i,0.0218993461587799-0.00294955760588958i,0.0214795013451283-0.00518770413739661i,0.00394831222640058+0.0217414829948507i,-0.0124060034017639+0.0182858505913165i,-0.0187152431101474-0.0117482308276867i,0.0219346972426354+0.00267400619416849i,-0.00438826536350254+0.0216569706873333i,-0.0218010943809818-0.00360465477460053i,-0.020283049713274+0.00876807542060301i,-0.0087851877671667-0.0202756437172326i,-0.0106427065449557+0.019365279488055i,-0.0213720081913694-0.00561413556307379i,0.00401562775115979-0.0217291506050431i,-0.0203378729133431+0.00864014916614489i,0.00802316886605955+0.0205890751030546i,-0.0167881516787944-0.0143679927429798i,0.0183403234017564-0.0123253312236026i,-0.0079592812791054+0.0206138568388502i,0.0161296757030858-0.0151034702623541i,-0.0147332629737891+0.0164685219251062i,0.00689566313542418+0.0209935962182586i,-0.0049181276240699-0.0215428241631846i,0.0185793719054868-0.0119619476612354i,-0.00580242296143451+0.0213216589417697i,-0.0037403611979609+0.0217782219283696i,-0.000885626338895937+0.0220793323775965i,-0.0161427400216868+0.0150895061829325i,0.0218260943994688-0.00345005152396413i
-0.0144955558559099+0.0166781327696096i,-0.00299068786059063+0.0218937671124237i,-0.00611945554931059+0.0212328405078675i,0.0176903083626755-0.0132413836998247i,-0.00372205987980534+0.0217813572236367i,0.021064558839948-0.00667574813267382i,-0.0105327644818738+0.0194252959983086i,0.021562839000527+0.0048296197044778i,-0.0127268683237513+0.0180639994165861i,0.010775923928001+0.0192914674338285i,-0.0176607447744756+0.0132807886160184i,-0.0032963800570719+0.0218498313671266i,0.00501243182962258-0.0215210775614493i,-0.0142453349581029-0.0168923557914218i,-0.0216972725342508-0.00418444940547422i,0.0192035177479241+0.0109318872276334i,0.00705451461598535+0.0209407515573195i,-0.0210660756491973+0.00667096012541125i,-0.00252841230165677-0.021951956256456i,0.0215508003511927+0.00488305810692033i,0.0077417501659128+0.0206965348940618i,-0.0152724781020368-0.0159697421668396i,-0.0170406966746037+0.0140675480840365i,-0.0156672737802506+0.0155826116086875i,-0.00746846643898936-0.020796712752313i,0.0108098593333935+0.019272472426878i,-0.0129859579936156+0.0178786505989848i,0.0133546039705147+0.0176049937530021i,-0.00808950723385152-0.0205631010542183i,-0.0179556617472096+0.0128792648653688i,0.00695485373200191-0.0209740616433486i,0.0219462505213705-0.00257746780887231i,-0.00162819200736846-0.0220370198311766i,-0.0219730691866989-0.00233783719900924i,-0.0216981634368752-0.00417982723556597i,0.0216566405698997-0.00438989424459219i,-0.00634255184257536+0.0211672692706634i,-0.0200797069314842-0.00922424098764966i,-0.0213087433936229-0.00584967582326261i,-0.0190606968570646-0.0111790468097964i,0.00350113548015694+0.021817958259244i,-0.0220969755118239+7.01817809789628e-05i,0.0214971388858576-0.00511412475157567i,0.0219543980907059-0.00250712120316094i,0.0196979567347757-0.0100135784177002i,0.0144792846455489+0.0166922607338161i,0.0204183243622998-0.00844827097626748i,0.0210873326640856+0.00660345768266282i,-0.0192064273338302+0.0109267745159689i,0.022079645163767-0.000877793651532605i,-0.00453640522928575-0.0216264254986403i,0.0203336005111907+0.00865019898637205i,-0.0172876612314291+0.0137629219789939i,0.0208939346897713-0.00719199175695445i,0.0155270661740192-0.015722323882943i,0.0183953028208325-0.0122431240450468i,-0.0128933830765821-0.0179455266039488i,0.0111727778034203+0.0190643722269559i,-0.0138864203983609+0.017188617767945i,-0.0181335165554977-0.012627621691515i,0.0220874476212249+0.000652617676879283i,-0.00569264520309286-0.0213512304761162i,0.0194135122770319-0.0105544679317367i,-0.0118878338473269-0.0186268800036635i
0.00594496620973666+0.0212823548748163i,-0.00790860692544175+0.0206333513698426i,-0.0069445408013657+0.0209774785260454i,0.0100345639942928-0.0196872745116476i,0.00665065945168226+0.0210724934715918i,0.0160731104233071-0.0151636530418202i,-0.0170696605645317+0.0140323889792223i,0.0196522549045563-0.010102976265382i,-0.000102029476657479-0.0220968514100634i,0.00113918069174317+0.022067703088543i,-0.00228948853502812-0.0219781594884673i,-0.0115472150298459-0.0188399330494306i,0.00672852514624627-0.0210477600140457i,-0.016322789487333-0.0148945559049185i,-0.00181112190025476-0.0220227402862347i,0.0204048758765792-0.00848070119234979i,-0.00440109373595864+0.0216543673696517i,-0.0195441999413908+0.0103104559018246i,0.0213810199804164-0.00557971655638201i,-0.0101662655902556-0.0196195896032744i,-0.0144183202453331+0.0167449482995782i,0.0147434840645851+0.0164593720988941i,-0.0210824186763147+0.00661912947517299i,0.0064022085139181+0.0211493020782446i,0.00996051449225573-0.0197248422883959i,0.0182030989545489+0.0125271082338833i,-0.0106653205310579+0.019352834165112i,0.00566003483054959+0.0213598983604673i,-0.00957831595156491-0.0199132397109191i,0.0214228344935565+0.00541695620383033i,0.00521735564709448-0.0214723182796888i,0.0212937305648935+0.00590409102929903i,0.0148776250168087-0.0163382228565948i,-0.0220854426795591-0.000717268360127075i,-0.00983475717540913+0.0197878448435717i,0.0149980870817121+0.0162277119811115i,-0.0217938069358246-0.00364845604283958i,-0.0196371104341664-0.0101323810651239i,-0.0175199651357164-0.0134659598208153i,0.011156637734525+0.0190738220268802i,0.0220615295690576+0.00125306237918324i,0.021106426543549+0.00654217172002543i,-0.0220268102690252+0.00176093203301454i,-0.0164353474688617+0.0147702608585736i,-0.0203563095994495-0.00859662211242825i,0.0220635022739744-0.00121783400299697i,0.013633162927198+0.0173901731116457i,0.00879863357206999-0.0202698125180519i,-0.0125527652923323+0.0181854154686701i,0.021986591621717+0.0022070435229901i,0.0211120780660522-0.00652391078920049i,0.0192938184379679-0.0107717139924553i,-0.00829500355903493+0.0204810685318937i,0.0156951640432697-0.0155545195331576i,0.00402660919611149-0.0217271183232917i,0.0200156866399727+0.00936234695912011i,-0.0220824771220996-0.000803403014977198i,0.0219126867568167+0.00284875610576922i,-0.00275103901815391+0.0219251690204004i,-0.0195612301526064-0.0102781091242159i,0.0208511910495439+0.0073149903669074i,0.0151599585721831-0.0160765950481506i,0.0191013550131818+0.0111094324298285i,0.0167771650185271-0.0143808200807061i
0.0162051122039813-0.0150225028110799i,0.0022283361767158-0.0219844438213949i,-0.0220921447265707-0.000467326045477447i,-0.0165151360751572-0.0146809922236738i,-0.0101871841445898-0.0196087361004412i,-0.0219348136175986+0.00267305140499391i,-0.0152162629960946-0.016023314035686i,0.00903001831945239-0.0201677966422434i,-0.00583593715053663-0.0213125101719041i,-0.0217929033850105-0.00365384924485514i,0.0141347335907457-0.0169850098195784i,-0.0177943883458729-0.0131011829866158i,-0.0035023049038041-0.0218177705692703i,0.0209608091079477+0.00699469325937211i,0.0213747487477786+0.00560369237395019i,-0.0124965775718264-0.0182240720269608i,-0.017350192165735-0.0136840083332552i,0.0210921460150337+0.00658806714697314i,0.0209295008334502-0.00708782386315693i,-0.00503404520039057-0.0215160321893455i,-0.0170249463965132-0.01408660542673i,0.000672698144140238+0.0220868451676422i,-0.00810869339067102-0.0205555428959835i,0.0141605106226391-0.0169635253163561i,0.00854987246827323+0.0203759891300715i,0.0167179481193994-0.0144496180894029i,0.0110804885398527-0.0191181595863912i,-0.0164948017608344-0.0147038351161628i,-0.0216350266981243+0.00449520544847263i,0.0194351667593388+0.0105145397088613i,0.0143925571769237-0.0167670972491219i,-0.0216058849257197+0.00463324819420302i,0.00278275910295615+0.0219211656630628i,-0.00602038927534502+0.0212611421430233i,0.00201248700358749+0.0220052527436728i,-0.0182010837091353+0.0125300360759887i,0.00571513893781987-0.0213452205229635i,0.0104275124017928+0.0194819977764855i,0.021765012315493+0.0038164762751739i,0.0205117196644789+0.00821891773035578i,-0.00135568617574881-0.0220554611660108i,0.0114321413620706+0.0189099813889428i,-0.0144297964527208+0.0167350598022707i,-0.0120365978508612+0.0185310972268016i,-0.0176200847791403-0.0133346865215661i,-0.00573019738976331-0.0213411829598755i,-0.0209301797820782+0.00708581869245983i,-0.018162106669534-0.012586466286333i,0.020893242147488-0.00719400339303233i,-0.0038931628856683+0.0217514260451627i,0.0204611603148835+0.00834399010193358i,-0.014510056845481-0.016665518371579i,0.0220918359868098-0.000481700098012624i,-0.0218624068712159+0.00321191812628212i,-0.00197175828152881-0.0220089395821732i,-0.0121216199055777+0.0184755942561324i,0.00375608631859845+0.0217755153284547i,-0.00171954635985363-0.0220300797222535i,0.0219975834853003-0.00209465344622229i,0.0193348634167509+0.0106978646891852i,0.00379834771798218+0.0217681833616365i,0.0181382909855391+0.0126207627493919i,-0.0137204224770394+0.0173214104305649i,0.0157107159698921-0.0155388112790491i
-0.0220011812950515-0.00205651984546844i,0.0161900747088742+0.0150387078292518i,-0.021890472629288-0.00301470733553389i,-0.0112432395323902-0.0190229024354809i,0.018816365822936+0.011585578512529i,0.0169288004442689+0.0142020057657589i,-0.0194652783378882-0.0104586897592895i,0.0205915387858167+0.0080168436859362i,-0.0028121908630331+0.0219174093998903i,-0.021686112878839+0.00424190528639921i,0.00477369403819263+0.0215752890474787i,-0.0200195508930378+0.00935408115709913i,0.0155912509437325-0.0156586763892128i,0.00577155466478303-0.0213300353727777i,-0.01873565999064+0.0117156432588082i,0.0197509577400098-0.009908628593548i,0.0204463319595663+0.00838026023771007i,0.0214348848850372-0.00536907461465479i,-0.0171834692425244-0.0138927908299142i,0.0149082404784723+0.0163102917842867i,-0.0172569835950969+0.0138013683905287i,0.00132385785308743-0.0220573945115317i,-0.0141323604731654-0.0169869844206981i,-0.0220060106051993-0.00200418299972463i,-0.0205913718480039-0.00801727245824659i,0.0203318275308871-0.00865436545951181i,-0.0220872785100001+0.000658316241799155i,-0.0213565441080083+0.00567267802851749i,-0.0213037659211888+0.005867777247623i,-0.0220946758324126+0.000326423211691206i,-0.00510116225212753-0.0215002185088896i,0.00723457632633283-0.0208792278983442i,-0.017693362704011-0.0132373021600642i,-0.00465022813595772+0.0216022367021583i,-0.0151959186639105+0.0160426091460319i,0.0167698711156282+0.0143893250369067i,-0.0205607338852197+0.00809552187037421i,-0.0198717719446486+0.00966405360252123i,-0.0145435324584211+0.0166363131697915i,0.00275179888878004-0.021925073663006i,0.000437897178274094+0.0220927476406577i,-0.0184213954281391+0.0122038290193145i,0.0106523841453607-0.0193599577549177i,0.018239240677683-0.0124744279128977i,0.0218895958056341+0.00302106731445899i,0.0219212725194005-0.00278191721348841i,0.00919443456692388-0.0200933726697905i,0.00636371217554507+0.0211609172674378i,-0.0195209819668797-0.0103543476521356i,0.00685702287309467+0.0210062488219669i,-0.0194226917575324-0.0105375659971557i,0.0184799771336186-0.0121149369537551i,-0.0214142831623703-0.00545066316096992i,0.0172730966447141+0.0137811967751315i,0.0220271276363997+0.00175695769507527i,0.0209620419360073+0.00699099779184646i,-0.0220837668648697+0.000767133176580064i,0.0220596857292413+0.00128511391698874i,0.0058362828003798+0.0213124155206893i,-0.00109769791248096-0.0220698054260898i,0.0164333264424537-0.0147725094106682i,0.0220496231637059-0.00144753949552097i,0.0202553438340283+0.00883189098765495i,-0.0215325238861266-0.00496303005692243i
0.0092681426599556+0.0200594811470098i,0.00127184978354121+0.0220604544463761i,-0.00507868708142072+0.0215055385838518i,0.00286656250977534-0.0219103644796265i,0.0138129979783743+0.0172476763392046i,0.0214996904676944-0.00510338731097895i,-0.0201688870707577+0.00902758254349143i,0.0220968638952134-9.92887150940652e-05i,0.00954983245085052-0.0199269152759079i,-0.00431400021795823+0.0216718862670508i,-0.00476918394751008-0.0215762864443199i,-0.0127159925879837-0.0180716569454732i,0.0152810062720718-0.0159615819881812i,-0.0147258530427094-0.0164751480848293i,-0.0114793082800791-0.018881385904203i,0.0169625046281144-0.0141617332623421i,0.00880031319067433+0.0202690833536836i,-0.0215719671793934+0.00478868293622586i,0.0220844081738705+0.000748443626742924i,-0.0177107559858173-0.0132140218958259i,-0.0172925157930811+0.0137568219367182i,0.021046726018544+0.00673175877114388i,-0.0220819448535291+0.000817902034614476i,-0.00199095221101571+0.0220072115804338i,0.008774380625106-0.0202803228992611i,0.0213460339012193+0.00571210022150555i,-0.0160433329018229+0.0151951545452429i,0.0037714551956412+0.0217728587456907i,-0.00805708802837402-0.0205758252508997i,0.0216386582561581-0.00447769149514914i,-0.00464952402077126-0.0216023882622454i,0.0215285567416725-0.00498021052497951i,0.0138835004194555-0.0171909763642298i,-0.0219693572697718-0.00237246568060634i,-0.00177902909172458+0.0220253560185375i,0.0101890812608548+0.0196077503888699i,-0.019361242543497-0.0106500487991563i,-0.0201224663606132-0.00913058595154323i,-0.0218235895578615-0.00346586079676123i,0.0134987619863507+0.0174947042583858i,0.0186132487475061+0.0119091655171969i,0.0210904241697203+0.00659357722285924i,-0.0203282514438125-0.00866276200121319i,-0.0212330514629034+0.00611872354549738i,-0.0220670689090729+0.00115140002377752i,0.0207046730621374-0.00771995891456229i,0.0199762601017469+0.00944617830658958i,0.00713757842935153-0.0209125853594763i,-0.0199602686701627+0.00947992230281705i,0.021955553526598+0.00249698249757942i,0.0220816629919497-0.000825476688034229i,0.01522077184267-0.0160190310807462i,-0.0187186046536016+0.0117428740977111i,0.0213676203701945-0.00563081272710934i,0.0142195044398605-0.0169141049345603i,0.0168391802504223+0.0143081536456077i,-0.0213234909848038+0.00579568671285127i,0.0217692398397627-0.00379228810237513i,0.00523031634402657+0.0214691649393715i,-0.0155113901645125-0.0157377897881752i,0.0213238892966025-0.00579422104503878i,0.0203447007322984-0.00862405962211215i,0.0154965864247281+0.0157523668517928i,0.0201811979880633-0.00900002777879696i
0.0213955335411943+0.00552380274269072i,0.0100605178396779-0.0196740243226964i,-0.0138770604635555-0.0171961753056706i,0.000411116560328735-0.0220932622178426i,0.00668946354319057-0.0210602072581647i,-0.0157927626745365-0.0154554165054939i,-0.0220936461136837-0.000389940579878463i,0.0175128583160644-0.013475201143359i,-0.00842514501291357-0.0204278776128091i,-0.0124894693113818-0.0182289442528245i,0.0148719623656925-0.0163433774858796i,-0.0159548540729233-0.0152880307353253i,0.0149154033442893-0.0163037417585563i,0.0220557174016424-0.00135151106226263i,0.0220078699142203+0.00198366178853275i,0.000517704380340943-0.0220910215795265i,-0.0204155657967175+0.00845493497623897i,0.00663327685105782+0.0210779716877538i,0.0214392949750309-0.00535143749156642i,-0.00467377468905997-0.0215971544979525i,-0.0215983755017777-0.00466812895459601i,0.0151706001157801+0.0160665535937121i,-0.0203399988911178-0.00863514315815646i,0.0144849649528418-0.0166873317989268i,0.0220574917611557+0.00132223653673458i,0.0218490169876655+0.00330177360296452i,0.00265964791181591-0.0219364428574393i,-0.0216522478649815+0.004411509338756i,-0.0106749952669192+0.0193474992777821i,0.0192567377891959+0.0108378642716488i,-0.00316135437281558-0.0218697757368933i,-0.0093322866151202+0.0200297198878511i,0.0208983472015987+0.0071791598738266i,0.0122169185349173+0.0184127171749235i,0.00772064854967032+0.0207044159112254i,-0.00973438628884648+0.0198374135368512i,-0.00695476203305596-0.0209740920498622i,0.00227653505682221+0.0219795050077928i,0.0161689160615769-0.0150614543005053i,0.0217982872684682+0.00362159142006195i,0.0168864743401818-0.0142523063611091i,0.0132461891503417+0.0176867104133555i,-0.021882323320421+0.00307330088879793i,-0.00965412094577011+0.0198765993323046i,-0.0173947800924319-0.0136272843145091i,0.00782950667422597-0.0206634962552512i,-0.0194663590924216+0.0104566780545939i,-0.00383414303128978-0.0217619070733275i,0.0186716881823078+0.0118173310301098i,0.012665268963771+0.0181072420409036i,0.0214545477029594+0.00528995605973871i,-0.00202701592879944-0.0220039191662968i,0.0112852471367135+0.0189980117200677i,-0.0161682412164361-0.0150621787341562i,-0.0174798110582174-0.0135180419300115i,-0.00152232615823216+0.0220445860773227i,-0.00968496005498045+0.0198615910990525i,0.011485949063876-0.0188773469098434i,0.00959053695098899+0.0199073567618668i,0.02198502339697+0.00222261073677082i,0.0125259353686482+0.0182039060476859i,0.0204080196711169-0.00847313314871401i,-0.00348150046263837+0.0218211000360013i,0.0169295380230049-0.0142011265250387i
-0.00384096496758002-0.021760704041238i,0.0218055838324532+0.00357739653636334i,-0.00985243784368633-0.0197790475197575i,-0.0216208479464715-0.00456291423632852i,0.020713697387966-0.0076957126227725i,0.00170526632267867+0.0220311896869249i,-0.00392557170903365-0.0217456004518101i,0.0127639336078423+0.0180378283367794i,0.00332307521427596+0.0218457873140977i,-0.0191701421144671-0.0109903095299297i,0.0108377342599088+0.0192568109603882i,-0.0220212544972461-0.00182909885464086i,0.0216522239091738+0.00441162691526976i,0.0143993393019136-0.016761273218968i,-0.0145916421240597+0.0165941324683122i,0.00375813757319178-0.0217751614054521i,0.0213071747894896-0.00585538681409431i,0.0214203711713424-0.00542668878179448i,-0.0220684896198613+0.00112384080305088i,0.00810451987042204+0.0205571887650637i,-0.0220637904514237+0.00121260181766113i,0.0137079254318361-0.0173313021036433i,0.00450330971206663-0.0216333412557962i,-0.0192693677394362-0.0108153926962872i,-0.0144115609222507+0.0167507660731319i,0.00735590715452303-0.0208367915521216i,-0.0180435127351725-0.0127558966924398i,-0.0220520397403966+0.00141024662399734i,-0.00713842573312912+0.0209122961509522i,-0.0207557982148053-0.00758143078309197i,-0.0209227130387586-0.00710783591188554i,-0.00997467843955103-0.0197176834917311i,-0.0183699823734175+0.0122810830081414i,0.01523992985551+0.0160008059250671i,0.00915781459719637+0.0201100891110881i,-0.00172504653382919+0.0220296497182468i,-0.00957047823174144-0.0199170077739678i,-0.0151823107839426+0.0160554878939355i,0.00184312793207571+0.0220200847336819i,0.0145924649537634-0.0165934088970806i,-0.0065889546361562+0.0210918687900149i,-0.0174537679349947+0.0135516507158308i,-0.00281407768851001-0.0219171672215083i,0.0141058935443405-0.0170089687979096i,0.0193693920376092+0.0106352199951826i,0.0107808128925359-0.0192887357187727i,0.00304949594501483-0.0218856534454392i,-0.0112817675496834+0.0190000782421399i,-0.00626767151833437-0.0211895621944105i,-0.0149257681445057+0.0162942535130943i,-0.0207131806156067+0.00769710341867526i,0.0012282403113732-0.0220629254177692i,-0.0131945970141654-0.0177252323507001i,0.00224679720750671+0.0219825647857767i,0.0165952731347421+0.0145903448155223i,0.00672182473923797+0.0210499008175216i,-0.0124982942387907+0.0182228947583291i,0.0141351095204679-0.0169846969680624i,0.0169237936598354+0.0142079717205463i,0.0123943253717676-0.0182937680872828i,0.00677419246536481-0.0210331064917839i,0.0210584534723519+0.00669498242009049i,0.00481849970323628+0.0215653266347264i,-0.0193468362381641+0.0106761968802655i
0.0153710987155657-0.0158748409922388i,-0.00101147413485218+0.022073925168104i,0.0187577177915885+0.0116802943243591i,-0.019224187188319+0.0108954981162406i,0.0132305301142882+0.017698427194173i,0.0159941492821201+0.0152469157862758i,0.0158848586504783-0.0153607460074976i,0.00626900860024288+0.0211891666523865i,0.0203953446523433-0.0085035974013744i,-0.0026393974116191+0.0219388886125999i,-0.0211144393880799-0.00651626438840766i,-0.00515215418021259-0.0214880562070153i,0.0164425767070054+0.0147622126893895i,-0.0220332206965378-0.00167882041630045i,-0.00727199260039367-0.0208662257217818i,0.00279704596496613-0.0219193473014685i,0.0219114873373871-0.00285796692004144i,-0.0054908888219855-0.0214040041159855i,0.00625502358979156+0.021193299227437i,-0.0216904334246445+0.00421975711428893i,-0.021117021166157+0.00650789284796579i,0.0207824503751286+0.00750806290982203i,0.0204812677412073-0.00829451167733876i,0.00513504592402569+0.0214921510233545i,0.00238654417186347+0.0219678323730011i,-0.00828325257126157-0.0204858238568337i,-0.0113633622469618+0.0189513917878569i,0.016402918493335+0.0148062661448975i,0.015993533025217-0.0152475622190507i,0.0112393804007802-0.0190251827969953i,-0.0219845177019703+0.00222760716112205i,0.00898624491695217-0.0201873389664185i,-0.0035817562348451+0.0218048681382547i,-0.00612204800637611-0.0212320931718979i,0.0183076419819876+0.0123738230677464i,-0.00506080564122021+0.0215097535670291i,0.00255772371401555-0.0219485603549593i,-0.00717428140085835-0.0209000224553426i,-0.0159073532150562+0.0153374497861923i,0.00339202586833006+0.0218351874908623i,-0.00532928237354178+0.0214448129307669i,0.0204063090179115-0.00847725217968835i,-0.0210698673624812-0.00665897451414105i,-0.019913558165636-0.00957765385866284i,-0.0139891331808845+0.0171051280351831i,0.00992225776059306-0.019744114393532i,0.0175559638421425+0.0134189934729067i,-0.0184949439637756-0.0120920759189368i,-0.0188251023461836-0.0115713773557101i,-0.0153048124150977-0.0159387568270301i,2.32996230984801e-05+0.0220970746792441i,0.00025694248014215-0.0220955930631976i,-0.0154077594501771-0.0158392613772867i,0.0163644369881032+0.0148487862909711i,0.0219944324944519+0.00212748478244308i,0.00343673146059938+0.021828195736713i,-0.01168494321425+0.0187548221621076i,0.0133746191739091-0.0175897928983098i,0.0192947138423254+0.0107701100270751i,-0.0191737575074678-0.01098400087843i,0.0066609550779323-0.021069241317672i,0.0190665582363279+0.0111690469277036i,0.00147710284066841+0.0220476624486728i,0.0149056850652898+0.0163126271638545i
0.0193116364297114+0.0107397369920856i,0.0146829616195352+0.016513385186926i,0.0136307997343906-0.0173920254959986i,0.02205855183892-0.00130443206883582i,0.0220939445879822+0.000372645670442798i,0.00824612106865373-0.0205007985106345i,-0.000153171303321483+0.0220965560847017i,0.0130061821723365+0.0178639435050754i,0.000927479199260252-0.0220776138789378i,0.014295752464116-0.0168497096039442i,0.00449071986592494-0.0216359582024535i,-0.00351005090827188-0.0218165257287651i,0.0205635364346105+0.00808840043240792i,-0.0161249902665767-0.0151084724957665i,-0.0147291242145039-0.016472223654572i,0.0148718237597432-0.016343503611884i,0.00649666652422101+0.021120477653822i,-0.0161469150577279+0.0150850384941852i,0.0210365720043362+0.00676342299127486i,-0.013803511305934-0.0172552695684385i,-0.00643929759324477+0.0211380391417501i,0.0216282196977486-0.00452784330100396i,-0.00841669189242618+0.0204313619183963i,-0.00648109688784945+0.0211252605991698i,0.0217685520742377-0.00379623403437273i,-0.00159646172849867+0.022039341237931i,-0.0220380759681191+0.00161383390593279i,-0.00434867386990639+0.021664955292493i,0.0165156218614997+0.0146804457282632i,0.0220683236601458+0.00112709497540301i,-0.021698601671023-0.00417755164837106i,0.0144862968074068+0.0166861756271545i,0.0219902615202036+0.00217017292527198i,0.0206543398644407-0.00785362954414727i,0.0183323150651157+0.0123372394240309i,0.00443606804191094+0.0216472296744887i,-0.00604766723447681-0.0212533990992868i,-0.0171123074497336-0.0139803499955588i,-0.00716280834350811-0.0209039572542306i,0.0180241406550962+0.0127832549023258i,0.0191456171976171+0.0110329775842625i,0.0220940516963524-0.000366240210020122i,-0.0137508791117047-0.017297241858395i,-0.0171055868899094+0.0139885721002641i,-0.021643576796313-0.00445385627458183i,0.0194578500046615-0.0104725033038249i,0.0213635891157399+0.00564608823402257i,0.0165763335253477-0.0146118588519381i,-0.00378391998411259+0.0217706959421687i,0.0132765490280218-0.0176639321262017i,0.0195825148380379+0.0102374979790256i,0.0128929863839162-0.0179458116104199i,-0.0186333788942402+0.0118776446838678i,0.00773923091816248-0.0206974770696307i,-0.0213734256943258+0.00560873660833379i,0.0122823250327271+0.0183691519685306i,-0.0203334092918147+0.00865064846263397i,0.0210483129184049-0.00672679533964277i,0.0031124797348883+0.0218767850049416i,-0.00205204730669328-0.0220015988987987i,0.0204750531638694-0.00830984056340741i,0.00425007725582143-0.0216845128045819i,0.0105958441375877+0.0193909602460651i,0.0218737482184621-0.00313375032953379i
-0.00029712017702796-0.0220950893153418i,0.021470492749811+0.0052248629965621i,-0.00600887634554854-0.0212643988233017i,-0.0220943967934568-0.000344793540854637i,0.0212104686112655-0.00619655335997753i,0.00206087569784347+0.022000773704817i,-0.000205975182822453-0.0220961269564734i,0.0109994857934981+0.0191648784115935i,0.00757560545936661+0.0207579250932395i,-0.0190570485871586-0.0111852649230675i,0.00780788599264676+0.0206716755145382i,-0.0208717557424129-0.00725610532459274i,0.0202434915761556+0.00885902370798525i,0.0116523183344646-0.0187751093121939i,-0.0170391796345911+0.0140693855456685i,0.00248377031311383-0.0219570521082458i,0.0208747918245358-0.00724736631714033i,0.0205655929497484-0.00808317010075788i,-0.0211434945426186+0.00642136206569791i,0.00455976286507082+0.0216215127793328i,-0.0219547356782421+0.00250416324369087i,0.013825931043145-0.0172373107833771i,0.00808351766068855-0.020565456340229i,-0.020761022529942-0.00756711277593824i,-0.0105918866190382+0.0193931222370707i,0.00323617075241679-0.021858830049061i,-0.0189662483699376-0.011338548188475i,-0.0220865231091067+0.000683190459112376i,-0.00313483558172696+0.0218735927119453i,-0.0191992891041552-0.0109393121423423i,-0.0219156466762093-0.00282589508228504i,-0.00944047320129531-0.0199789568793807i,-0.0153971429137981+0.0158495817719145i,0.0179438542409322+0.012895710419853i,0.0122902605760052+0.0183638434764191i,-0.00352440002590003+0.0218142122642548i,-0.00388184771181517-0.0217534482460782i,-0.0175015635688404+0.0134898674900226i,0.00124991085994735+0.0220617083448838i,0.0162565884086985-0.0149667827392094i,-0.00842301285077109+0.0204287568581222i,-0.0143453309540358+0.016807520104754i,-0.00228541720487277-0.0219785832221324i,0.0104655497964272-0.0194615908833536i,0.017322640318354+0.013718869656552i,0.0096393162334675-0.0198837832115455i,0.00648255698301366-0.0211248125959619i,-0.011225239715512+0.0190335295093112i,-0.00660909241438-0.0210855673319622i,-0.0183234836974985+0.0123503521180586i,-0.0194177080317071+0.0105467467518617i,-5.8590847434656e-05-0.0220970092855374i,-0.0120067353867356-0.0185504597680338i,0.00260155059102346+0.021943408731892i,0.0148196935114376+0.0163907881591943i,0.00497434786049627+0.0215299121135063i,-0.0114159482663479+0.0189197615585556i,0.0131220876309108-0.0177789782737712i,0.019224816708344+0.0108943873064577i,0.0109588961038961-0.0191881173760361i,0.00683289619450509-0.0210141091138227i,0.0196692039193111+0.0100699388991734i,0.00303518847643947+0.0218876422477392i,-0.0161949984482011+0.0150334053865148i
0.0092162035131221-0.020083397248903i,-0.00636738231190967+0.0211598132020703i,0.0212689948090871+0.00599258809393368i,-0.0172627963449593+0.013794097092778i,0.0120935086895848+0.018494007132784i,0.00418158254208697+0.0216978252296455i,0.0152304841303836-0.0160097971694416i,-0.00461141416280273+0.0216105555613832i,0.0219550426565468-0.00250147040792798i,-0.00723368767316611+0.0208795357922444i,-0.0215850622402356+0.0047293065387734i,-0.00218578870734719-0.0219887148323717i,0.00910586113553307+0.0201336669594219i,-0.0192231392084075+0.0108973469811103i,0.00174155246304974-0.0220283509884643i,-0.0116860071556529-0.0187541592456329i,0.0153097397584439-0.0159340239983894i,0.00677620511149855-0.0210324581668294i,-0.00531015615671274+0.0214495569614818i,-0.0196142085690229+0.0101766435755311i,-0.0189087080934329-0.0114342472638068i,0.0168113471223775+0.0143408458670839i,0.0201175633031082-0.00914138386667821i,0.0143425074460867+0.0168099295778262i,-0.00247998921756856+0.0219574794940875i,-0.0114138134393851-0.0189210495222501i,-0.00109323552485471+0.0220700269220435i,0.0207840465081378+0.00750364331508989i,0.0196857732444-0.0100375088554179i,0.00540562206204046-0.0214256972436117i,-0.0191796163546345+0.0109737672994084i,-0.00361296543011223-0.0217997186461968i,-0.00826787636865104+0.0204920343696088i,0.000204935698726402-0.0220961366218603i,0.021464972461332+0.0052474955442369i,-0.0172980969942249+0.013749803366991i,0.0131304014031947-0.017772839144141i,0.00611902673686505-0.0212329640899724i,-0.00483490357698711+0.0215616548449734i,-0.00282720068866122+0.0219154782863291i,-0.0169584255788317+0.0141666175970044i,0.0164295035098652-0.0147767610345385i,-0.0219853627589252+0.00221925136273286i,-0.016468000313088-0.0147338459996249i,-0.00858585175241496+0.0203608546465536i,-0.00478953648814944-0.0215717776847717i,0.0106700899222757+0.0193502049938258i,-0.0219413647582508-0.00261873343391734i,-0.00861980396449943-0.0203465041681889i,-0.0202792701463626-0.00877681346408678i,-0.00557335046954619+0.0213826802996289i,-0.0137658472399845-0.0172853319903883i,-0.00204239975351122-0.0220024965742387i,0.00471416183538045+0.0215883748911856i,0.0213835860708444+0.00556987423586196i,-0.0108248694630642+0.0192640456124914i,0.00279828944403762+0.0219191885899072i,-0.000752550793883424-0.0220842685990538i,0.0220490191751134-0.00145671056425492i,-0.0220874111655985-0.000653850330215354i,-0.00837439048098135-0.0204487367904371i,0.0119508547777499+0.0185865091486718i,-0.01249912425037+0.0182223254615414i,0.00462108971031582+0.0216084886593612i
0.0174037703427059+0.0136158007517325i,0.00176794072004453+0.0220262488377603i,0.0207759868887546-0.00752592991269683i,0.0209273894681773+0.00709405541983931i,0.0177431912459617+0.0131704372236367i,0.0136144503115866-0.017404826772073i,0.00840160804790399+0.0204375691916119i,0.00265015176680375+0.0219375921163977i,0.00677594621811654-0.0210325415749434i,0.0213036210465575-0.00586830320937848i,-0.00507254793713772-0.0215069874617058i,0.0105737188691616-0.0194030338227934i,0.0140792761537128+0.0170310080511995i,-0.0209569753949784-0.00700617117595623i,-0.0136493404201002-0.0173774784807448i,0.0195303974880125-0.0103365771033145i,0.00770071391663437+0.0207118385815138i,-0.0211119309635871+0.00652438680959841i,0.0186240206025481+0.0118923130150695i,-0.0179986073590881-0.0128191803710654i,0.0060953572183534+0.0212397710117881i,0.0198801765978864-0.00964675233896766i,0.000136860535472804+0.0220966631292229i,-0.00369264162728282+0.0217863638559762i,0.021173504538868-0.00632170529169644i,-0.00977439364885385+0.0198177314809181i,-0.0164073966570046+0.0148013035639515i,0.00950541222265547+0.0199481425383398i,0.021771487027346+0.0037793656704048i,0.0215343595133284-0.0049550592936162i,-0.0210270202792572+0.00679306046110555i,0.0187929628612939+0.0116235020173163i,0.0220930490498478-0.000422416777065934i,0.0134199443667196-0.0175552369806471i,0.0220791913885292-0.000889134343744307i,0.0103652335039574+0.0195152039871729i,-0.00265320362728725-0.0219372232236598i,-0.0102133607899442-0.0195951145346732i,-0.0130550268444256-0.0178282788385154i,0.00884042004765075+0.0202516227901278i,0.0165061750663179+0.0146910665689252i,0.0181581574235518-0.0125921630879701i,-0.00837266236249319-0.0204494444231676i,-0.0202142057588565+0.00892564495099055i,-0.0220362146187798+0.00163905385134359i,0.0218554618264151-0.0032588403775949i,0.0209603084366608+0.00699619342875649i,0.0196373242212185-0.01013196672336i,-0.00968035053198809+0.0198638381444867i,0.00845830241340196-0.0204141708755454i,0.0189627832424656+0.0113443423763475i,0.0182116512493886-0.0125146718304225i,-0.0192337169592815+0.010878666470794i,0.0131821072102802-0.0177345228790968i,-0.0186718813280045+0.0118170258494024i,0.0169673406568127+0.0141559387992531i,-0.0220618122962829+0.00124807469973077i,0.0220824477501204+0.000804209932624185i,-0.00420047650737445+0.0216941754709305i,-0.015124861626159-0.0161096186498027i,0.0160112967141292-0.015228907701626i,-0.00846249488167323-0.0204124332853823i,0.0156378062267208+0.0156121833408419i,0.0219513475728727+0.00253369137573352i
